Unnamed: 0,Textstelle,Metapher?,Fokus,Rahmen,Annotator,Filename,Synonym (aus Englischem),Synonym (aus Spanischem),Synonym (aus Tchechischem),Synonym (aus Polnischem)
0," Bei Beobachtung solchen moralischen Wertes kann man das Horoskop einer Nation am besten stellen."" tung solchen moralischen Wertes kann man das Horoskop einer Nation am besten stellen.""",Metapher,,,GoldStandard,Matzat_Stufe2_Vergleich.tsv,,,,
2," das 19. Jahrhundert schließt in dieser Hinsicht mit einem großen Fragezeichean »Umwertung aller Werte!« so lautet das Schlagwort oder der Schlachtruf des Ethikers, dessen Stimme im letzten Jahrzehnt am weitesten gedrungen ist; jedoch hat auch dieser Komet am Himmel der Philosophie nur eine grelle Beleuchtung, nicht aber eine Lösung der Probleme hinterlassen, um die es sich hier handelt.",Metapher,,,GoldStandard,Matzat_Stufe2_Vergleich.tsv,,,,
12," Auch er ist ein genauer Kenner gerade der römischen Kaiserzeit, und seine große dreibändige Dogmengeschichte ist nichts anderes als eine Geschichte der all- bändige Dogmengeschichte ist nichts anderes als eine Geschichte der allmählichen Verholzung oder Versteinerung der christlichen Kirchen. mählichen Verholzung oder Versteinerung der christlichen Kirchen.",Metapher,,,GoldStandard,Matzat_Stufe2_Vergleich.tsv,,,,
15," Wenn sonach das Zweckprinzip auf der ganzen Linie unterlegen ist, wenn es sich zeigt, daß es nicht auf eigenen Füßen stehen und gehen kann, sondern, sobald es das versucht, schließlich irgendwann an einen Punkt gerät, wo es allein nicht weiter kann oder gar in Gefahr ist, in den Abgrund des Konsens zu stürzen, und wenn es sich vor dieser Gefahr nur dadurch retten kann, daß es sich an das Stabilitäts- oder an das Anpassungsprinzip klammert: so werden doch derartige Versuche immer wieder unternommen werden, man wird immer wieder glauben, daß das Zweckprinzip alles vermöge, weil es viel vermag; — wenn es nicht gelingt zu zeigen, was ihm eigentlich fehlt.",Metapher,,,GoldStandard,Matzat_Stufe2_Vergleich.tsv,,,,
18," oder aber uns dieser unaufhaltsam daherrollenden Lawine des Guten in den Weg zu werfen, um von ihr zerschmettert zu werden.",Metapher,,,GoldStandard,Matzat_Stufe2_Vergleich.tsv,,,,
19," »Man könnte annehmen, und es ist in älteren Zeiten angenommen worden, daß diejenigen Teile der Organisation, welche die Lebensweise und im allgemeinen den Platz bestimmen, welchen jedes Wesen im Haushalte der Natur einnimmt, von erster Wichtigkeit seien.",Metapher,,,GoldStandard,Matzat_Stufe2_Vergleich.tsv,,,,
38," Bei Matthäus ist er ziemlich wörtlich abgeschrieben, nur hin und wieder sind bereits kleine Lichter ausgesetzt1). Der Verfasser des Lukastextes hat ihn ebenfalls vor sich gehabt (mittlere Spalte), jedoch ihn mit einer anderen Quelle kontaminiert (erste Spalte, daher die zweimalige Erwähnung des Bechers), besonders aber aus Respekt vor der bereits aufgekommenen Heiligkeit der Jünger ihn gründlich verdorben.",Metapher,,,GoldStandard,Matzat_Stufe2_Vergleich.tsv,,,,
48," Unzählige Ansätze mögen in dieser Beziehung unternommen worden sein, ohne Erfolg zu haben, d. i. ohne Nachfolge zu finden — Erfolg und Nachfolge fallen überall, wo es sich um die Einwirkung des Beispieles auf andere handelt, zu folge fallen überall, wo es sich um die Einwirkung des Beispieles auf andere handelt, zu sammen — die Blasen des sprudelnden Wassers im Werdeprozeß der Geschichte. Andere mögen ein vorübergehendes Dasein gewonnen- haben, um rasch wieder unterzutauchen —",Metapher,,,GoldStandard,Matzat_Stufe2_Vergleich.tsv,,,,
50," Denn das Gesetz bringt als unzertrennliche Gefährten die Ordnung und die Gleichheit mit sich — anfänglich das Aschenbrödel im Hause der Gewalt, wird es im Laufe der Zeit der Majordomus«.«",Metapher,,,GoldStandard,Matzat_Stufe2_Vergleich.tsv,,,,
52," Der Anarchismus ist nichts anderes als ein legitimes Kind des Idealismus; und der Idealismus besitzt kein Mittel, den ungeberdigen Sprößling zu bändigen, da es ja seine eigenen Prinzipien sind, auf welche sich dieser beruft.",Metapher,,,GoldStandard,Matzat_Stufe2_Vergleich.tsv,,,,
60," Mit diesen Einsichten ausgerüstet, können wir nunmehr an den Staat herantreten.",Metapher,,,GoldStandard,Matzat_Stufe2_Vergleich.tsv,,,,
67," Gleich den Organismen niederster Ordnung vermehren sie [Stämme und Völkerschaften] sich einfach durch Teilung; aus einem werden zwei, drei oder auch zehn, ohne Wehen und Geburtsschmerz.",Metapher,,,GoldStandard,Matzat_Stufe2_Vergleich.tsv,,,,
75," In Wahrheit gingen nicht die germanischen Völker in sich zurück, sondern es verblich nun erst die letzte Abendröte antiker Civilisation.«",Metapher,,,GoldStandard,Matzat_Stufe2_Vergleich.tsv,,,,
79," Erst wenn das letzte erbliche Vorrecht der nicht regierenden Familien beseitigt sein wird, dann mag der große König, der das zuwege gebracht haben wird, auch das Erbrecht seiner Familie auf dem Altar des Vaterlandes niederlegen.",Metapher,,,GoldStandard,Matzat_Stufe2_Vergleich.tsv,,,,
81," So ist die große Weltscharfrichterin Auslese auch im Leben der Staaten fortwährend tätig, um extreme, schlecht angepaßte, unausgeglichene staatsrechtliche Verhältnisse zu beseitigen, so daß nur mittlere, besser angepaßte, rechtliche Verhältnisse zu beseitigen, so daß nur mittlere, besser angepaßte, ausgeglichene übrig bleiben.",Metapher,,,GoldStandard,Matzat_Stufe2_Vergleich.tsv,,,,
82," Erst nach dem Auftreten Luthers gewannen die meisten der jungen germanischen Staaten, in Deutschland wie im übrigen Europa, den Mut und die Kraft, sich den Fangarmen und Saugnäpfen dieses Riesenorganismus zu entreißen und die Stücke desselben, welche innerhalb ihrer Grenzen nismus zu entreißen und die Stücke desselben, welche innerhalb ihrer Grenzen lagen, zu eigenen Landeskirchen umzuformen.",Metapher,,,GoldStandard,Matzat_Stufe2_Vergleich.tsv,,,,
92," Den Frieden aber hat der Staat geschaffen; und darum ist der Staat, das letzte und bisher höchste Naturprodukt, welches wir kennen, nicht, wie blöder Unverstand glaubt, das Grab, sondern die Wiege der Freiheit.",Metapher,,,GoldStandard,Matzat_Stufe2_Vergleich.tsv,,,,
94," Ein anderer christlicher, nicht weniger verrückter Begriff hat sich noch weit tiefer ins Fleisch der Modernität vererbt: der Begriff von der »Gleichheit der Seelen vor Gott.«",Metapher,,,GoldStandard,Matzat_Stufe2_Vergleich.tsv,,,,
95," Alles stand bei ihnen auf einer Fläche, alles war in ein Gewebe gewoben, das Gute und Heilige nur ein Einschlag in einen breiten irdischen Zettel.",Metapher,,,GoldStandard,Matzat_Stufe2_Vergleich.tsv,,,,
100," Unter der vertrocknenden Wirkung des Zweifels, und ohne daß vielleicht das Verbrechen häufiger und die Tugend seltener geworden wäre, ist die französische Moralität in brechen häufiger und die Tugend seltener geworden wäre, ist die französische Moralität in ihrem Innersten zerstört. Nichts hält mehr Stich, das Ausreißen ist vollständig.",Metapher,,,GoldStandard,Matzat_Stufe2_Vergleich.tsv,,,,
101," Wenn es dem Verfasser gelungen ist, ein gesichertes Fundament und die ersten Pfeiler für die Lösung der hier zur Bearbeitung gestellten Aufgabe zu legen, so ist seine Absicht erreicht; den vollendeten Bau wird gabe zu legen, so ist seine Absicht erreicht; den vollendeten Bau wird nach seiner Überzeugung erst eine spätere Generation errichten können, wenn die heutigen fragmentarischen und unfertigen Hypothesen über die Beziehungen zwischen den anthropologischen Eigentümlichkeiten der Völker und ihrer geschichtlichen Bedeutung zu wissenschaftlich gesicherten Ergebnissen geworden schichtlichen Bedeutung zu wissenschaftlich gesicherten Ergebnissen geworden sein werden.",Metapher,ein gesichertes Fundament und die ersten Pfeiler zu legen/den vollendeten Bau errichten,die Lösung der hier zur Bearbeitung gestellten Aufgabe,GoldStandard,Ruppin_Stufe2_gemeinsame Ergebnisse_positive Fälle_Einigkeit.tsv,,,,
102," Man kann vielmehr in das Getriebe des gesellschaftlichen Lebens nur dann mit der Leuchte der Wissenschaft hineinkommen, schaftlichen Lebens nur dann mit der Leuchte der Wissenschaft hineinkommen, wenn man die teleologische, d. h. die Erscheinungen unter dem Gesichtspunkte von Mittel und Zweck ordnende Betrachtungsweise zu Hilfe nimmt. punkte von Mittel und Zweck ordnende Betrachtungsweise zu Hilfe nimmt.",Metapher,Getriebe,des gesellschaftlichen Lebens,GoldStandard,Ruppin_Stufe2_gemeinsame Ergebnisse_positive Fälle_Einigkeit.tsv,,,,
103," Wohlfahrt hätte, wäre ein absurdum. Dies kommt uns nur deshalb nicht so leicht zum Bewußtsein, weil des Menschen Interessen heute fast die ganze Außenwelt lückenlos umspannen und kaum noch ein Gebiet vorhanden ist, das nicht zum Menschen in mittelbarer oder unmittelbarer Beziehung steht.",Metapher,fast die ganze Außenwelt lückenlos umspannen,des Menschen Interessen,GoldStandard,Ruppin_Stufe2_gemeinsame Ergebnisse_positive Fälle_Einigkeit.tsv,,,,
104," Die ganze Außenwelt gruppiert sich konzentrisch um den Menschen in der Weise, daß diejenigen Gebiete, die zur menschlichen Wohlfahrt die engste Beziehung haben, dem Menschen am nächsten stehen und vom Lichte seiner Vernunft am intensivsten beleuchtet werden, während das Licht nach außen zu immer schwächer wird und die entferntesten Gebiete beinah ganz im Dunklen bleiben.",Metapher,Vom Lichte seiner Vernunft am intensivsten beleuchtet werden,Gebiete,GoldStandard,Ruppin_Stufe2_gemeinsame Ergebnisse_positive Fälle_Einigkeit.tsv,,,,
105," Der Mensch hat zwar theoretisch gelernt sich als einen Zweig wie tausend andere Zweige am Stamme der organischen Welt zu betrachten und sich eine verhältnismäßig bescheidene Rolle im Kosmos anzuweisen. Aber praktisch stellt er sich in den Mittelpunkt der Welt zuweisen. Aber praktisch stellt er sich in den Mittelpunkt der Welt und beurteilt und wertet alle Erscheinungen nur nach dem Nutzen, den sie dem Menschen bringen.",Metapher,der organischen Welt,Zweige am Stamme,GoldStandard,Ruppin_Stufe2_gemeinsame Ergebnisse_positive Fälle_Einigkeit.tsv,,,,
106," Er leuchtet nur in diejenigen Erscheinungen mit dem Lichte seiner Vernunft hinein, von deren Kenntnis er Förderung der menschlichen Wohlfahrt erwartet.",Metapher,mit dem Lichte,seiner Vernunft,GoldStandard,Ruppin_Stufe2_gemeinsame Ergebnisse_positive Fälle_Einigkeit.tsv,,,,
107," In dieser Form finden wir Eheverbote bei den Römern und Juden, und sie sind dann von hier aus besonders durch die christliche Kirche überallhin verpflanzt worden, sodaß jetzt neben den Eheverboten für Angehörige verschiedener Generationen daß jetzt neben den Eheverboten für Angehörige verschiedener Generationen (Eltern und Kinder, Oheim und Neffe, Tante und Nichte) auch Eheverbote für Seitenverwandte bestehen, die derselben Generation angehören.",Metapher,verpflanzt,Eheverbot,GoldStandard,Ruppin_Stufe2_gemeinsame Ergebnisse_positive Fälle_Einigkeit.tsv,,,,
108," Als vierten Trieb möchten wir das Kausalitätsbedürfnis nennen, das den Menschen antreibt die Ursachen der Erscheinungen zu erforschen und ihn befähigt hat, in die Werkstatt der Natur einzudringen.",Metapher,Werkstatt,der Natur,GoldStandard,Ruppin_Stufe2_gemeinsame Ergebnisse_positive Fälle_Einigkeit.tsv,,,,
109," Die Religion hat ihre größte Macht auf den niedersten Kulturstufen, weil hier das ganze gesellschaftliche Leben von der Religion durchtränkt ist.",Metapher,von der Religion durchtränkt ist,das ganze gesellschaftliche Leben,GoldStandard,Ruppin_Stufe2_gemeinsame Ergebnisse_positive Fälle_Einigkeit.tsv,,,,
110," In demselben Moment, in dem die wissenschaftliche Erkenntnis der Natur den Erscheinungen den Zauber der Dunkelheit nimmt kenntnis der Natur den Erscheinungen den Zauber der Dunkelheit nimmt und sie uns auf natürliche Weise begreiflich macht, hört diese Erscheinung auf, ein religiöses Objekt zu sein.",Metapher,den Zauber der Dunkelheit,die wissenschaftliche Erkenntnis der Natur den Erscheinungen ,GoldStandard,Ruppin_Stufe2_gemeinsame Ergebnisse_positive Fälle_Einigkeit.tsv,,,,
111," Die Religion hat in diesem Kampfe viel Terrain verloren, aber es scheint, als ob die Eroberungen der Wissenschaft noch nicht abgeschlossen sind.",Metapher,die Eroberungen,der Wissenschaft,GoldStandard,Ruppin_Stufe2_gemeinsame Ergebnisse_positive Fälle_Einigkeit.tsv,,,,
112," Will die Gesellschaft die natürliche Auslese befördern, so muß sie auch ihr alleiniges Ziel, die Vernichtung der schwachen Individuen, befördern wollen, weil die natürliche Auslese nur dieses einzige Ziel viduen, befördern wollen, weil die natürliche Auslese nur dieses einzige Ziel hat und sich in den Dienst keines anderen Zieles spannen läßt.",Metapher,in den Dienst spannen läßt,keines anderen Zieles,GoldStandard,Ruppin_Stufe2_gemeinsame Ergebnisse_positive Fälle_Einigkeit.tsv,,,,
113," Wir sind hiermit insoweit ganz einverstanden, als wir zugeben, daß die organischen Gebilde durch die Macht der natürlichen Auslese, welche alles unzweckmäßige ausjätet, sicherlich so zweckmäßig als möglich organisiert sind.",Metapher,ausjätet,die natürliche Auslese,GoldStandard,Ruppin_Stufe2_gemeinsame Ergebnisse_positive Fälle_Einigkeit.tsv,,,,
114," Steigt man aber aus der Welt des Gedankens in die Welt der Wirklichkeit hinab, so ergibt sich sofort, daß Gesellschaft und Staat Blut und Leben nur erhalten durch die in ihnen lebenden Menschen, daß diese Menschen die Träger alles Fortschritts sind und alle Ziele und Ideale blasse Schemen bleiben, wenn sie nicht dem Wesen dieser Menschen, ihren Trieben und ihrer Fassungsgabe, kurz ihren physischen und psychischen Eigenschaften angepaßt sind. gepaßt sind.",Metapher,,,GoldStandard,Ruppin_Stufe2_gemeinsame Ergebnisse_positive Fälle_Einigkeit.tsv,,,,
115," »Es ist nun noch daran zu erinnern, daß vermöge der Gesetze der Vererbung und der Amphimixis (d. i. innern, daß vermöge der Gesetze der Vererbung und der Amphimixis (d. i. der Verschmelzung der väterlichen und mütterlichen Keimzelle bei der geschlechtlichen Fortpflanzung) in jedem Kinde der nämlichen Eltern wieder schlechtlichen Fortpflanzung) in jedem Kinde der nämlichen Eltern wieder neue Kombinationen entstehen und dadurch eine fast unerschöpfliche Musterkarte für die natürliche Auslese dargeboten wird. karte für die natürliche Auslese dargeboten wird.",Metapher,eine fast unerschöpfliche Musterkarte,für die natürliche Auslese,GoldStandard,Ruppin_Stufe2_gemeinsame Ergebnisse_positive Fälle_Einigkeit.tsv,,,,
116," So wäre es denn nicht die Tatsache der Blutsverwandtschaft an sich, welche für die Nachkommenschaft eine ungünstige verwandtschaft an sich, welche für die Nachkommenschaft eine ungünstige Prognose bietet, sondern die Blutsverwandtschaft wird erst schädlich, wenn sie in einer mangelhaften Konstitution des Vaters und der Mutter einen geeigneten Boden findet.",Metapher,einen geeigneten Boden vorfinden,in einer mangelhaften Konstitution des Vaters und der Mutter,GoldStandard,Ruppin_Stufe2_gemeinsame Ergebnisse_positive Fälle_Einigkeit.tsv,,,,
117," In dem Moment, wo sperma und ovum im Uterus der Mutter zu einer Zelle verschmelzen, ist »die Statue gegossen,« sagt Hegar1), »und was noch weiter geschieht, ist nur eine feinere Ausarbeitung und Ziselierung.",Metapher,ist die Statue gegossen,zu einer Zelle verschmelzen,GoldStandard,Ruppin_Stufe2_gemeinsame Ergebnisse_positive Fälle_Einigkeit.tsv,,,,
118," Die Schulen sind aber für diese Masse, nicht für das einsame Genie, das sich übrigens seinen Weg auch ohne Schule und gegen die Schule bricht.",Metapher,bricht,seinen Weg,GoldStandard,Ruppin_Stufe2_gemeinsame Ergebnisse_positive Fälle_Einigkeit.tsv,,,,
119," Wenn man etwa befürchtet, daß dann in den Schulen schon die Kinder mit gewissen den Regierenden genehmen Anschauungen vollgepfropft würden, so ist zu sagen, daß Mißbrauch mit jeder noch so vernünftigen Maßregel getrieben werden kann.",Metapher,vollgepropft,mit Anschauungen,GoldStandard,Ruppin_Stufe2_gemeinsame Ergebnisse_positive Fälle_Einigkeit.tsv,,,,
120," Dies ist jedoch ein Mißverständnis, da das Leben unzivilisierter Völker nach allen Richtungen hin verständnis, da das Leben unzivilisierter Völker nach allen Richtungen hin durch die Schranken des Herkommens gefesselt ist.«",Metapher,durch die Schranken gefesselt,des Herkommens,GoldStandard,Ruppin_Stufe2_gemeinsame Ergebnisse_positive Fälle_Einigkeit.tsv,,,,
121," Überall machen sich starke Bestrebungen geltend, die überkommenen Sitten und Gebräuche gegenüber der nagenden Vernunft aufrecht zu erhalten.",Metapher,nagende,Vernunft,GoldStandard,Ruppin_Stufe2_gemeinsame Ergebnisse_positive Fälle_Einigkeit.tsv,,,,
122," Oft genug ist derjenige, der sich in der Jugend einst knirschend gegen die Macht des Hergebrachten aufbäumte, gar nicht genug über diese Vergewaltigung durch die Schatten der Vergangenheit klagen konnte, mit gereifterer Lebensanschauung froh gewesen, daß die Wirklichkeit seinem Ansturme Stand hielt anschauung froh gewesen, daß die Wirklichkeit seinem Ansturme Stand hielt und ihn in ihre Geleise zwang.",Metapher,Vergewaltigung,durch die Schatten der Vergangenheit,GoldStandard,Ruppin_Stufe2_gemeinsame Ergebnisse_positive Fälle_Einigkeit.tsv,,,,
123," Die Vorschriften der Sitte (von denen die Vorschriften der Etiquette, des gesellschaftlichen Anstandes als eine Unterabteilung aufzufassen und dadurch charakterisiert sind, daß ihre Geltung auf kleinere gesellschaftliche Kreise, durch charakterisiert sind, daß ihre Geltung auf kleinere gesellschaftliche Kreise, die sich durch Beruf, Besitz, Stand oder Bildung verwandt fühlen, beschränkt ist) unterliegen einer solchen durchgreifenden Revision durch die Vernunft nicht, da sie sich lediglich durch mündliche Überlieferung fortpflanzen.",Metapher,fortpflanzen,Vorschriften der Sitte durch mündliche Überlieferung,GoldStandard,Ruppin_Stufe2_gemeinsame Ergebnisse_positive Fälle_Einigkeit.tsv,,,,
124," »Wir können den Lauf der Zeit nicht dadurch beschleunigen, daß wir unsere Uhren vorstellen: ein Zukunftsgesetz, durch beschleunigen, daß wir unsere Uhren vorstellen: ein Zukunftsgesetz, und wenn es die genialste Lösung der sozialen Fragen enthielte, es fände kein Land, wo es fußen, und kein Volksverständnis, in dem es wurzeln könnte«, sagt Endemann1).",Metapher,"kein Land, wo es fußen, und kein Volksverständnis, in dem es wurzeln könnte",ein Zukunftsgesetz,GoldStandard,Ruppin_Stufe2_gemeinsame Ergebnisse_positive Fälle_Einigkeit.tsv,,,,
125," Er [der Gesetzgeber] ist, um ein Wort von Karl Marx, allerdings in anderem Sinne, zu gebrauchen, der Geburtshelfer des Gesellschaftslebens, das mit neuen sozialen Erscheinungen schwanger geht.",Metapher,"Geburtshelfer, mit neuen sozialen Erscheinungen schwanger geht",Gesellschaftsleben,GoldStandard,Ruppin_Stufe2_gemeinsame Ergebnisse_positive Fälle_Einigkeit.tsv,,,,
126," Die Vernunft einzelner Menschen kann vorher nicht genau ermessen, wie jene Änderung, die in das Triebwerk des sozialen Lebens eingreift und bis in die entferntesten Erscheinungen desselben ihren Einfluß geltend macht, wirken wird.",Metapher,Triebwerk,des sozialen Lebens,GoldStandard,Ruppin_Stufe2_gemeinsame Ergebnisse_positive Fälle_Einigkeit.tsv,,,,
127," Der beste Gesetzgeber ist deshalb derjenige, der sein Ziel stufenmäßig durch möglichst geringe Abänderungen der jeweilig geltenden recht- mäßig durch möglichst geringe Abänderungen der jeweilig geltenden rechtlichen Regelung erreicht, weil er auf diese Weise einmal sein Volk vor lichen Regelung erreicht, weil er auf diese Weise einmal sein Volk vor gefährlichen Experimenten bewahrt, immer in der Lage ist, den theoretisch beabsichtigten Erfolg eines Gesetzes in der Praxis nachzuprüfen und andererseits sicher ist, daß seine gesetzgeberischen Maßnahmen im Rechtsbewußtsein seits sicher ist, daß seine gesetzgeberischen Maßnahmen im Rechtsbewußtsein des Volkes Anknüpfungspunkte finden und nicht tote Buchstaben bleiben.",Metapher,tote,Buchstaben,GoldStandard,Ruppin_Stufe2_gemeinsame Ergebnisse_positive Fälle_Einigkeit.tsv,,,,
128," Denn das Leben, sagt Endemann3), muß erst »die Rechtsgedanken verarbeiten, die als Keime in die Paragraphen eingeschlossen sind, damit die beiten, die als Keime in die Paragraphen eingeschlossen sind, damit die Gesetzesbuchstaben lebendig werden.«",Metapher,als Keim eingeschlossen,in die Paragraphen,GoldStandard,Ruppin_Stufe2_gemeinsame Ergebnisse_positive Fälle_Einigkeit.tsv,,,,
129," Wenn also einzelne Soziologen in der hohen Kindersterblichkeit in Deutschland befriedigt das Walten der natürlichen Auslese erblicken, wenn ein Autor (Otto Zacharias) in deutlichem Anklange an die 1. Auflage von Robert Malthus’ Hauptwerk den lichem Anklange an die 1. Auflage von Robert Malthus’ Hauptwerk den Satz aufstellt, »daß die enorme Kindersterblichkeit der großen Städte die Pforte sei, durch welche alle diejenigen jungen Leben, für welche kein Gedeck an dem großen Gastmahl der Natur aufgelegt ist, sich wieder entfernen deck an dem großen Gastmahl der Natur aufgelegt ist, sich wieder entfernen müssen«, so ist das eine völlige Verkennung der Tatsachen.",Metapher,Gedeck an dem großen Gastmahl,der Natur,GoldStandard,Ruppin_Stufe2_gemeinsame Ergebnisse_positive Fälle_Einigkeit.tsv,,,,
130, Unerkannt sitzt die geschlechtliche Zuchtwahl aber auch am Webstuhl der Geschichte.,Metapher,Webstuhl,der Geschichte,GoldStandard,Ruppin_Stufe2_gemeinsame Ergebnisse_positive Fälle_Einigkeit.tsv,,,,
131," Freilich scheint uns auch hier wie zur Erreichung so vieler anderer wünschenswerter Ziele ein hohes und tief ins Herz des Volkes eingegrabenes Staatsideal die Voraussetzung dafür zu sein, daß sich der ein- grabenes Staatsideal die Voraussetzung dafür zu sein, daß sich der einzelne im Interesse der Gesamtheit und der zukünftigen Volksgeneration zelne im Interesse der Gesamtheit und der zukünftigen Volksgeneration Beschränkungen auferlegt.",Metapher,tief ins Herz des Volkes eingegrabenes,Staatsideal,GoldStandard,Ruppin_Stufe2_gemeinsame Ergebnisse_positive Fälle_Einigkeit.tsv,,,,
132," Nur auf diese Weise wird ins Herz des Volkes selbst ein Motiv gepflanzt, das gewaltig wirkend den einzelnen im Banne hält und ihm die Entsagung dort leicht macht, wo sie durch kleinliche Zwangsmaßregeln überhaupt nie zu erreichen sein würde.",Metapher,gepflanzt,Herz des Volkes,GoldStandard,Ruppin_Stufe2_gemeinsame Ergebnisse_positive Fälle_Einigkeit.tsv,,,,
133," Die Zeitungen sehen alle Dinge durch das Vergrößerungsglas ihres Parteiinteresses und des Bestrebens, dem Leser für ihre Mitteilungen ein möglichst großes Interesse einzuflößen.",Metapher,das Vergrößerungsglas,ihres Parteiinteresses,GoldStandard,Ruppin_Stufe2_gemeinsame Ergebnisse_positive Fälle_Einigkeit.tsv,,,,
134," »Eine Gesellschaftsformation geht nie unter«, sagt Marx1), »bevor alle Produktivkräfte entwickelt sind, für die sie weit genug ist, und neue höhere Produktionsverhältnisse treten nie an die Stelle, bevor die materiellen Existenzbedingungen derselben im Schoß der alten Gesellschaft selbst ausgebrütet worden sind.«",Metapher,im Schoß selbst ausgebrütet worden,der alten Gesellschaft,GoldStandard,Ruppin_Stufe2_gemeinsame Ergebnisse_positive Fälle_Einigkeit.tsv,,,,
135," Sobald aber die Forderung der Vergesellschaftung der Produktionsmittel ihres mystischen Schimmers entkleidet und als ein rechtlicher Reformvorschlag wie andere Reformvorschläge angesehen werden wird, wird sie von sozialdemokratischer Seite selbst auch unbefangener und nüchterner betrachtet werden.",Metapher,ihres mystischen Schimmers entkleidet,die Forderung der Vergesellschaftung der Produktionsmittel,GoldStandard,Ruppin_Stufe2_gemeinsame Ergebnisse_positive Fälle_Einigkeit.tsv,,,,
137," Sie führte nicht nur zu einer Umwälzung der Anschauungen auf den verschiedenen Gebieten der organischen Natur- wälzung der Anschauungen auf den verschiedenen Gebieten der organischen Naturwissenschaften, denen sie neue Bahnen wies, sondern auch die sogenannten wissenschaften, denen sie neue Bahnen wies, sondern auch die sogenannten Geisteswissenschaften erhielten durch den Darwinschen Entwicklungs- und Selektionsgedanken überraschendes Licht.",Metapher,,,GoldStandard,Schallmeyer_Stufe2_Vergleich.tsv,,,,
139, Aber zu Heraklits Zeit wurde der Same zu dieser Erkenntnis vergeblich ausgestreut. kenntnis vergeblich ausgestreut.,Metapher,,,GoldStandard,Schallmeyer_Stufe2_Vergleich.tsv,,,,
140," Die Naturwissenschaft war nicht entwickelt genug, um sich von seinen Gedanken befruchten zu lassen und die heutige Entwicklungslehre zu reifen.",Metapher,,,GoldStandard,Schallmeyer_Stufe2_Vergleich.tsv,,,,
142, In der allerneuesten Zeit ist man von der Befehdung der Darwinschen Selektionstheorie offen zum Krieg gegen die Abstammungslehre selbst schen Selektionstheorie offen zum Krieg gegen die Abstammungslehre selbst übergegangen.,Metapher,,,GoldStandard,Schallmeyer_Stufe2_Vergleich.tsv,,,,
169," „Wir können uns kaum der Annahme entziehen, daß die menschliche Natur . . . durch Ausscheidung und Auslese einer weiteren tiefen Veränderung unterzogen wird, daß in der Fähigkeit seiner Muskeln und noch mehr in der Denkkraft seines Hirns eine ungeheure Hebung eintreten wird; ja daß sogar besondere soziale Eigenschaften mit Einschluß geheure Hebung eintreten wird; ja daß sogar besondere soziale Eigenschaften mit Einschluß einer angeborenen Neigung zur Aufnahme sozialer Gebote, ohne die soziales Leben nun einmal unmöglich ist, der physischen Organisation der höchsten Rassen eingeboren werden können - aber ohne Zweifel ist diese besondere Quelle des Fortschritts heute fast ganz verstopft.“ Dieser Nachsatz dürfte mit den Vordersätzen nur dann vereinbar sein, wenn Balfour die Möglichkeit im Auge hat, daß diese Quelle in der Zukunft nicht wie heute verstopft sein werde.",Metapher,,,GoldStandard,Schallmeyer_Stufe2_Vergleich.tsv,,,,
183," Ein ganz ähnliches Schicksal war alsdann den Römern beschieden, die Zügel der Welt- liches Schicksal war alsdann den Römern beschieden, die Zügel der Weltherrschaft entsanken ihnen, „jüngere“ Völker kamen obenauf. herrschaft entsanken ihnen, „jüngere“ Völker kamen obenauf. ",Metapher,,,GoldStandard,Schallmeyer_Stufe2_Vergleich.tsv,,,,
190," Ein ganz ähnliches Schicksal war alsdann den Römern beschieden, die Zügel der Welt- liches Schicksal war alsdann den Römern beschieden, die Zügel der Weltherrschaft entsanken ihnen, „jüngere“ Völker kamen obenauf. herrschaft entsanken ihnen, „jüngere“ Völker kamen obenauf. ",Metapher,,,GoldStandard,Schallmeyer_Stufe2_Vergleich.tsv,,,,
191," In diesem Punkt hat also unsere Kultur die Fähigkeit bewiesen, ein fressendes Geschwür am Volkskörper, das sie bewirkt hat, auch wieder zur Heilung zu bringen.",Metapher,,,GoldStandard,Schallmeyer_Stufe2_Vergleich.tsv,,,,
209," Erst wenn das alte Kleid der Gesellschafsverfassung zu eng wird, sinnt man auf technische und Verkehrsfortschritte, entstehen die Impulse zu moralischen und geistigen Fortschritten, die verbesserten Institutionen",Metapher,,,GoldStandard,Schallmeyer_Stufe2_Vergleich.tsv,,,,
213," Die hohe Wertschätzung welche die (wegen der allzugroßen Zahl der Schriftzeichen nicht leicht zu erwerbende) Kenntnis dieser Weisheitsschätze stets zeichen nicht leicht zu erwerbende) Kenntnis dieser Weisheitsschätze stets genoß, entzog anderen Wissenszweigen Licht und Sonne.",Metapher,,,GoldStandard,Schallmeyer_Stufe2_Vergleich.tsv,,,,
230," Die schönste Theorie ist fehlerhaft, wenn sie nicht eine tatsächlich gangbare Brücke zur Verwirklichung aufweist oder herstellt. lich gangbare Brücke zur Verwirklichung aufweist oder herstellt.",Metapher,,,GoldStandard,Schallmeyer_Stufe2_Vergleich.tsv,,,,
237," Was den ersten Satz anlangt, so mögen die Fäden, welche die Vergangenheit mit der Gegenwart verknüpfen, unlöslich sein, jedenfalls aber gangenheit mit der Gegenwart verknüpfen, unlöslich sein, jedenfalls aber können sie glücklicherweise nötigenfalls durchschnitten werden; sonst ""erben sich Gesetz' und Rechte wie eine ewige Krankheit fort.""",Metapher,,,GoldStandard,Schallmeyer_Stufe2_Vergleich.tsv,,,,
242," ""Der politische Körper verwendet in beiden Fällen seine meiste Kraft auf die Zunahme von Zähnen und Krallen.""",Metapher,,,GoldStandard,Schallmeyer_Stufe2_Vergleich.tsv,,,,
246, Nur aus ihrer [der sozialen Ideen und Reformen] Vermählung mit dem sozialen Sinn einer Gesellschaft können lebensfähige soziale mählung mit dem sozialen Sinn einer Gesellschaft können lebensfähige soziale Neugestaltungen entstehen.,Metapher,,,GoldStandard,Schallmeyer_Stufe2_Vergleich.tsv,,,,
260," Das eine ist eine wirtschaftliche, das andere eine biologische Unmöglichkeit. Der einzige Weg, der zu liche, das andere eine biologische Unmöglichkeit. Der einzige Weg, der zu nennenswerten Erfolgen führen könnte, wird nicht beliebt, da er noch nie begangen und darum, nur darum, reich an dornigen Schwierigkeiten ist:",Metapher,,,GoldStandard,Schallmeyer_Stufe2_Vergleich.tsv,,,,
271," Doch wenn auch nur wenige Menschen die für manche Fortschritte wünschenswerte Unabhängigkeit des Urteils von Gefühlen besitzen, so ist es doch nicht schwer, der Jugend, die noch keine anderen Anschauungen hat, solche neue beizubringen, die dann Wurzeln in den Gefühlsuntergrund treiben und sich da befestigen. Sie würde bei geeigneter Einwirkung Stammbäume und Erbwerte bald schätzen lernen.",Metapher,,,GoldStandard,Schallmeyer_Stufe2_Vergleich.tsv,,,,
280," Eine viel spätere Zeit wird dann vielleicht auf Grund der neuen Anschauungen und Wertungen eine neue ethische Theorie anerkennen, deren schauungen und Wertungen eine neue ethische Theorie anerkennen, deren höchstes Gebot sein wird, die von den Vorfahren geliehenen Erb- und Traditionswerte den Nachfahren mit Zinsen abzufragen.",Metapher,,,GoldStandard,Schallmeyer_Stufe2_Vergleich.tsv,,,,
315,"Noch in der späten Theorie gibt es Gesamtheiten von Aussagen, die nur kraft ihrer Unwiderlegbarkeit bestehen und einen Hof um einen Kernbestand an notwendigem Realismus solcher Aussagen bilden, deren Widerlegung letal wäre.",Metapher,Hof,,GoldStandard,Blumenberg_Arbeit am Mythos_Gruppenergebnis und Vergleich mit pgg.tsv,,,,
334,Jede Geschichte macht der blanken Macht eine Achillesferse.,Metapher,Achillesferse,,GoldStandard,Blumenberg_Arbeit am Mythos_Gruppenergebnis und Vergleich mit pgg.tsv,,,,
338,"Intentionalität, die Zuordnung von Teilen zum Ganzen, von Eigenschaften zum Gegenstand, von Dingen zur Welt, mag der abgekühlte Aggregatzustand solcher frühen Bewußtseinsleistungen sein, die aus der Verklammerung von Reiz und Reaktion herausgeführt hatten und zugleich das Resultat dieses Exodus waren.",Metapher,der abgekühlte Aggregatzustand,,GoldStandard,Blumenberg_Arbeit am Mythos_Gruppenergebnis und Vergleich mit pgg.tsv,,,,
342,Aber die Sperrigkeit der christlichen Zentralidee gegen dieses Postulat bricht durch alle Fugen des dogmatischen Systems.,Metapher,Fugen,,GoldStandard,Blumenberg_Arbeit am Mythos_Gruppenergebnis und Vergleich mit pgg.tsv,,,,
349,"Trotz der Vorliebe des Hesiod für den letzten Weltherrscher schimmert auch bei ihm durch, daß die jüngste Garnitur der Götter die Existenz des Menschen nur widerstrebend akzeptiert hatte.",Metapher,Garnitur,,GoldStandard,Blumenberg_Arbeit am Mythos_Gruppenergebnis und Vergleich mit pgg.tsv,,,,
354,"So wenig der späte Historiker Episode neben Episode, Anekdote neben Anekdote setzen darf, da er doch weniger auf Signifikanz im einzelnen als auf Zusammenhang im ganzen verpflichtet ist, so wenig kann der Mythos Emblem neben Emblem setzen, ohne sie mit der ihm ganz eigentümlichen Materie der Namen zu verfugen.",Metapher,verfugen,,GoldStandard,Blumenberg_Arbeit am Mythos_Gruppenergebnis und Vergleich mit pgg.tsv,,,,
366,"Dem Unernst der Mythen heftet die Romantik den Ernst der Vermutung an, in ihnen verberge sich die verkannte Konterbande einer frühesten Offenbarung an die Menschheit, vielleicht der paradiesischen Erinnerung, die sich so schön mit der platonischen Anamnesis austauschen ließ.",Metapher,Konterbande,,GoldStandard,Blumenberg_Arbeit am Mythos_Gruppenergebnis und Vergleich mit pgg.tsv,,,,
398,"Es ist nur eine Partikel im Strom der großen Rückkehr, die das Leben im ganzen – als der episodische Ausnahmezustand der energetischen Entropie – durchmacht.",Metapher,Strom der großen Rückkehr,,GoldStandard,Blumenberg_Arbeit am Mythos_Gruppenergebnis und Vergleich mit pgg.tsv,,,,
404,"Der Todestrieb ist konservativ, weil er die Geschichte des Lebens und in ihr die weitest gespannte aller Latenzen, die der Herkunft aus dem Nochnicht der unbelebten Natur , dem Mutterschoß der Materie, magaziniert hat.",Metapher,magaziniert,,GoldStandard,Blumenberg_Arbeit am Mythos_Gruppenergebnis und Vergleich mit pgg.tsv,,,,
417,"Das Denken wird ihm schwer, er strengt seinen Verstand nicht an und er kommt schließlich dahin, daß seine Einbildungskraft seinen Verstand und seine Vernunft überwuchern, daß seine Leidenschaften seinen Intellekt beherrschen, und daß er daher im Kampf ums Dasein den Kürzeren zieht gegen Nationen, bei welchen das Umgekehrte der Fall ist.",Metapher,"['überwuchern', 'überwuchern', 'überwuchern']","['daß seine Einbildungskraft seinen Verstand und seine Vernunft', 'seinen Verstand und seine Vernunft', 'Einbildungskraft']",GoldStandard,"['Schalk_Stufe2_P_1.xmi', 'Schalk_Stufe2_B_1.xmi', 'Schalk_Stufe2_T_1.xmi']",,,,
418,"Unter allen natürlichen Produkten eines Landes nehmen Steinkohlen den ersten Rang ein, denn sie sind versteinerte Sonnenstrahlen und üben einen entscheidenden Einfluß auf den Daseinskampf einer Nation aus.",Metapher,"['versteinerte', 'versteinerte', 'Sonnenstrahlen']","['Sonnenstrahlen', '', 'Steinkohlen']",GoldStandard,"['Schalk_Stufe2_P_1.xmi', 'Schalk_Stufe2_B_1.xmi', 'Schalk_Stufe2_T_1.xmi', 'Schalk_Stufe2_T_1.xmi']",,,,
423,"Die Materie schafft die Welten mit allen den bis ins Unendliche gehenden verschiedenen Formen des Lebens; der Äther ist die Verkehrsstraße zwischen den Welten. eine »Common«, das ist ein für alle freier Verkehrsplatz, ähnlich wie das Meer für die Völker der Erde.",Metapher,"['die Verkehrsstraße zwischen den Welten', 'Verkehrsstraße', 'Verkehrsplatz']","['der Äther ist', '', 'Common']",GoldStandard,"['Schalk_Stufe2_P_1.xmi', 'Schalk_Stufe2_B_1.xmi', 'Schalk_Stufe2_T_1.xmi', 'Schalk_Stufe2_T_1.xmi']",,,,
427,"Schon im Jahre 1782 Veröffentlichte Lesage in Genf eine Theorie, wonach die Anziehungskraft gar nicht anzieht, sondern die Folge eines OrpuseulesBombardements ist, das auf alle Seiten zweier sich anziehenden Körper stattfindet; da aber jeder der beiden Körper auf den andern einen Schatten wirft, d. h. ihn teilweise vor dem Bombardement schützt, so ist der Druck auf den beiden zugekehrten Seiten geringer, als der auf den beiden Außerseiten. folglich nähern sich die beiden Körper.",Metapher,"['OrpuseulesBombardements', 'OrpuseulesBombardements']","['die Anziehungskraft', 'Anziehungskraft']",GoldStandard,"['Schalk_Stufe2_P_1.xmi', 'Schalk_Stufe2_B_1.xmi', 'Schalk_Stufe2_T_1.xmi']",,,,
432,"Ist uns nicht mit ihm die unverbrüchliche Sicherheit gegeben, daß, wenn auch der Mensch mit seiner geistigen Unzulänglichkeit in den Lauf der Dinge einzugreifen vermag, gleichwohl nur dasjenige dauernd Bestand haben kann, was unabhängig von menschlicher Auffassungsweise vor dem Richterstuhl der Natur als das sachlich absolut richtige bestehen wird.",Metapher,"['der Natur', 'Richterstuhl', 'Richterstuhl']","['vor dem Richterstuhl', 'der Natur', 'der Natur']",GoldStandard,"['Methner_Stufe2_P_1.xmi', 'Methner_Stufe2_B_1.xmi', 'Methner_Stufe2_T_1.xmi']",,,,
434,"Dem Blick des Ephesiers enthüllt sich allenthalben ein Spiel gegensätzlicher Kräfte und Eigenschaften, die sich wechselseitig bedingen und fördern; ein Gesetz der Polarität scheint ihm das Gesamtgeschehen zu umspannen und alle einzelnen Gesetzmäßigkeiten zu umfassen.",Metapher,"['zu umspannen', 'umspannen']","['ein Gesetz der Polarität scheint ihm das Gesamtgeschehen', 'Gesetz der Polarität']",GoldStandard,"['Methner_Stufe2_P_1.xmi', 'Methner_Stufe2_B_1.xmi', 'Methner_Stufe2_T_1.xmi']",,,,
446,"Jeder Akt der Regierung wird von der ganzen Parteipresse als unumgänglich notwendig geschildert, und wird dadurch ein Teil des Glaubensbekenntnisses der Partei.",Metapher,"['Glaubensbekenntnisses', 'Glaubensbekenntnisses']","['Partei', 'der Partei']",GoldStandard,"['Schalk_Stufe2_B_2.xmi', 'Schalk_Stufe2_T_2.xmi', 'Schalk_Stufe2_P_2.xmi']",,,,
447,Zentralund Südamerika sind aufgehende Sonnen; Italien eine niedergehende.,Metapher,"['aufgehende Sonnen', 'aufgehende Sonnen', 'aufgehende Sonnen']","['Zentralund Südamerika', 'Südamerika', 'Zentralund Südamerika sind']",GoldStandard,"['Schalk_Stufe2_B_2.xmi', 'Schalk_Stufe2_T_2.xmi', 'Schalk_Stufe2_P_2.xmi']",,,,
448,"Infolge der außerordentlichen Publizität, welche heute auch den kleinsten Ereignissen gegeben wird, befindet sich fast jeder Herrscher in einem Meere von Licht, und keine seiner Bewegungen entgeht den Blicken der neugierigen Menge oder der lauernden Zeitungsreporter.",Metapher,"['Meere von Licht', 'Meere von Licht', 'von Licht']","['den Blicken der neugierigen Menge oder der lauernden Zeitungsreporter', 'Herrscher', 'in einem Meere']",GoldStandard,"['Schalk_Stufe2_B_2.xmi', 'Schalk_Stufe2_T_2.xmi', 'Schalk_Stufe2_P_2.xmi']",,,,
456,"Was ist besser für die Gattung, diese enorme Konzentration von Kapital, das durch seine Wucht alles vor sich niederwirft, oder das Kontiueutalsystem des Pflichtanteils in der Vererbung, welches solche Machtentwicklung unmöglich macht?",Metapher,"['durch seine Wucht alles vor sich niederwirft', 'Wucht alles vor sich niederwirft']","['Konzentration von Kapital', 'Kapital']",GoldStandard,"['Schalk_Stufe2_B_2.xmi', 'Schalk_Stufe2_T_2.xmi', 'Schalk_Stufe2_P_2.xmi']",,,,
465,"wenn wir von dem schlechten Worte »Rechtsphilofophie« absehen, so vergißt man bei jener Annahme, einmal daß eine Philosophie, welche die Prinzipien erst aufstellt und dann erprobt. schwindsüchtig ist und zweitens daß eine »Rechtsphilosophie« nicht Ergründung von Prinzipien, sondern höchstens nur Verwendung derselben für ein allgemeines Weltbild (: Philosophie) ist.",Metapher,"['schwindsüchtig', 'schwindsüchtig ist']","['eine Philosophie', 'daß eine Philosophie']",GoldStandard,"['Eleutheropulos_Stufe2_K.xmi', 'Eleutheropulos_Stufe2_B.xmi', 'Eleutheropulos_Stufe2_P.xmi']",,,,
470,"So finden wir in der Geschichte, daß die traditionsreichsten Nationen auch die (wenn auch nur in einer bestimmten Richtung) entwicklungsfähigsten und die unermüdlichsten Nationen sind, daß die Nationen, die versumpfen, solche ohne Traditionen oder traditionsvergeleiche sind",Metapher,"['versumpfen', 'versumpfen']","['Nationen', 'die Nationen']",GoldStandard,"['Eleutheropulos_Stufe2_K.xmi', 'Eleutheropulos_Stufe2_B.xmi', 'Eleutheropulos_Stufe2_P.xmi']",,,,
479,"[2]: Diese naturphilosophische Gedanken- Arbeit erstreckt sich jetzt über ein volles halbes Jahrhundert, und ich darf jetzt, in meinem 66. Lebensjahre, wohl annehmen, daß sie reif im menschlichen Sinne ist; ich bin auch völlig gewiß, daß diese „reife Frucht“ vom Baume der Erkenntniß für die kurze Spanne des Daseins, die mir noch beschieden ist, keine bedeutende Vervollkommnung und keine principiellen Veränderungen erfahren wird.",Metapher,"['diese „reife Frucht“', '„reife Frucht“', 'Baume']","['Diese naturphilosophische Gedanken- Arbeit', 'meinem 66. Lebensjahre', 'der Erkenntniß']",GoldStandard,"['Häckel_Welträtsel_Stufe2_K.xmi', 'Haeckel_Lebenswunder_Stufe2_A.xmi', 'Haeckel_Lebenswunder_Stufe2_A.xmi']",,,,
481,"[4]: Indem dieses „kosmologische Grundgesetz“ die ewige Erhaltung Kraft und des Stoffes, die allgemeine Constanz der Energie und der Materie im ganzen Weltall nachweist, ist es der sichere Leitstern geworden, der unsere monistische Philosophie durch das gewaltige Labyrinth der Welträthsel zu deren Lösung führt.",Metapher,"['der sichere Leitstern', 'das gewaltige Labyrinth', 'gewaltige Labyrinth']","['der unsere monistische Philosophie durch das gewaltige Labyrinth der Welträthsel zu deren Lösung führt', 'der Welträthsel', 'der Welträthsel']",GoldStandard,"['Häckel_Welträtsel_Stufe2_K.xmi', 'Häckel_Welträtsel_Stufe2_K.xmi', 'Haeckel_Lebenswunder_Stufe2_A.xmi']",,,,
486,"[9]: Keine Woche vergeht, in der wir nicht von richterlichen Urtheilen lesen, über welche der „gesunde Menschen-Verstand“ bedenklich das Haupt schüttelt; viele unserer höheren und niederen Gerichtshöfe erscheinen geradezuEntscheidungen unbegreiflich.",Metapher,"['der „gesunde Menschen-Verstand“', 'Haupt schüttelt']","['bedenklich das Haupt schüttelt', 'richterlichen Urtheilen']",GoldStandard,"['Häckel_Welträtsel_Stufe2_K.xmi', 'Haeckel_Lebenswunder_Stufe2_A.xmi']",,,,
490,"[13]: Von den drei großen Feindinnen der Vernunft und Wissenschaft ist die gefährlichste nicht die Bosheit, sondern die Unwissenheit und vielleicht noch mehr die Trägheit.",Metapher,"['drei großen Feindinnen', 'drei großen Feindinnen']","['der Vernunft und Wissenschaft', 'der Vernunft und Wissenschaft']",GoldStandard,"['Häckel_Welträtsel_Stufe2_K.xmi', 'Haeckel_Lebenswunder_Stufe2_A.xmi']",,,,
504,"Heute ist die Empfindung gerade der Jugend wohl eher die umgekehrte: Die Gedankengebilde der Wissenschaft sind ein hinterweltliches Reich von künstlichen Abstraktionen, die mit ihren dürren Händen Blut und saft des wirklichen Lebens einzufangen trachten, ohne es doch je zu erhaschen.",Metapher,"['mit ihren dürren Händen', 'mit ihren dürren Händen', 'Blut und saft', 'Blut und saft']","['Die Gedankengebilde der Wissenschaft', 'Die Gedankengebilde der Wissenschaft', 'des wirklichen Lebens', 'des wirklichen Lebens einzufangen']",GoldStandard,"['Weber_Stufe2_K.xmi', 'Weber_Stufe2_P.xmi', 'Weber_Stufe2_P.xmi', 'Weber_Stufe2_B.xmi', 'Weber_Stufe2_A.xmi']",,,,
505,"Hier im Leben aber, in dem, was für Platon das schattenspiel an den Wänden der Höhle war, pulsiert die wirkliche Realität: das andere sind von ihr abgeleitete und leblose Gespenster und sonst nichts.",Metapher,"['pulsiert', 'schattenspiel an den Wänden der Höhle', 'pulsiert', 'abgeleitete und leblose Gespenster']","['die wirkliche Realität', 'Realität', 'Realität', 'Realität']",GoldStandard,"['Weber_Stufe2_K.xmi', 'Weber_Stufe2_P.xmi', 'Weber_Stufe2_B.xmi', 'Weber_Stufe2_A.xmi', 'Weber_Stufe2_A.xmi', 'Weber_Stufe2_A.xmi']",,,,
507,"Hier zum erstenmal schien ein Mittel zur Hand, womit man jemanden in den logischen schraubstock setzen konnte, so daß er nicht herauskam, ohne zuzugeben: entweder daß er nichts wisse: oder daß dies und nichts anderes die Wahrheit sei, die ewige Wahrheit, die nie vergehen würde, wie das Tun und Treiben der blinden Menschen.",Metapher,"['in den logischen schraubstock setzen', 'logischen', 'schraubstock', 'in den logischen schraubstock setzen']","['ein Mittel zur Hand, womit man jemanden', 'schraubstock', 'logischen', 'jemanden']",GoldStandard,"['Weber_Stufe2_K.xmi', 'Weber_Stufe2_P.xmi', 'Weber_Stufe2_B.xmi', 'Weber_Stufe2_A.xmi']",,,,
509,"Die Worte, die man braucht, sind dann nicht Mittel wissenschaftlicher Analyse, sondern politischen Werbens um die stellungnahme der anderen. sie sind nicht Pflugscharen zur Lockerung des Erdreiches des kontemplativen Denkens, sondern schwerter gegen die Gegner: Kampfmittel.",Metapher,"['Pflugscharen zur Lockerung', 'des Erdreiches', 'sind nicht Pflugscharen', 'schwerter gegen die Gegner: Kampfmittel', 'Pflugscharen zur Lockerung des Erdreiches', 'schwerter gegen die Gegner']","['Die Worte', 'des kontemplativen Denkens', 'sie', 'Die Worte', 'des kontemplativen Denkens', 'Die Worte']",GoldStandard,"['Weber_Stufe2_K.xmi', 'Weber_Stufe2_K.xmi', 'Weber_Stufe2_P.xmi', 'Weber_Stufe2_P.xmi', 'Weber_Stufe2_B.xmi', 'Weber_Stufe2_A.xmi']",,,,
512,Denn schwäche ist es: dem schicksal der Zeit nicht in sein ernstes Antlitz blicken zu können.,Metapher,"['sein ernstes Antlitz', 'in sein ernstes Antlitz blicken', 'ernstes Antlitz']","['blicken zu können', 'dem schicksal der Zeit', 'schicksal der Zeit']",GoldStandard,"['Weber_Stufe2_K.xmi', 'Weber_Stufe2_P.xmi', 'Weber_Stufe2_B.xmi', 'Weber_Stufe2_A.xmi']",,,,
513,"Und fühlt er sich zum Eingreifen in die Kämpfe der Weltanschauungen und Parteimeinungen berufen, so möge er das draußen auf dem Markt des Lebens tun: in der Presse, in Versammlungen, in Vereinen, wo immer er will.",Metapher,"['auf dem Markt', 'des Lebens', 'Kämpfe', 'Markt']","['in der Presse, in Versammlungen, in Vereinen, wo immer er will', 'draußen auf dem Markt', 'der Weltanschauungen und Parteimeinungen', 'des Lebens']",GoldStandard,"['Weber_Stufe2_K.xmi', 'Weber_Stufe2_P.xmi', 'Weber_Stufe2_B.xmi', 'Weber_Stufe2_A.xmi', 'Weber_Stufe2_A.xmi']",,,,
531,Kunst und Wissenschaft können in einem solchen Staate nicht blühen; Kunst bedarf des Reichtums und hohe Wissenschaft der Individualität; beide werden getötet in dem sozialistischen Staate.,Metapher,"['werden getötet', 'getötet']","['Individualität', 'Individualität']",GoldStandard,"['Schalk_Stufe2_P_4.xmi', 'Schalk_Stufe2_T_4.xmi', 'Schalk_Stufe2_B_4.xmi']",,,,
533,"Die Kunde von solchen tastenden Versuchen pflanzt sich fort, unter Umständen verbunden mit der Kunde von den Ursachen des Mißlingens, von den Erfahrungen, die bei den ersten Versuchen gemacht worden sind.",Metapher,"['pflanzt sich fort', 'Kunde']","['Die Kunde von solchen tastenden Versuchen', 'pflanzt sich fort']",GoldStandard,"['Haecker_Stufe2_B_2.xmi', 'Haecker_Stufe2_P_2.xmi', 'Haecker_Stufe2_T_2.xmi']",,,,
534,"Bei den Veteranen von 1848, bei den Alten unter den Sozialdemokraten die nicht von Marx loskommen können, bezeichnet man die häufige Wiederkehr der selben festsitzenden Gedanken als Doktrinarismus; die älteren Nationalliberalen bleiben am Ufer, während die nationalliberale Jugend auf sozialpolitisches Fahrwasser hinausschwimmt.",Metapher,"['auf sozialpolitisches Fahrwasser hinausschwimmt', 'nationalliberale Jugend']","['Gedanken als Doktrinarismus', 'sozialpolitisches Fahrwasser hinausschwimmt']",GoldStandard,"['Haecker_Stufe2_B_2.xmi', 'Haecker_Stufe2_P_2.xmi', 'Haecker_Stufe2_T_2.xmi']",,,,
539,"So hat die Ursachenforschung die wirtschaftlichen Faktoren als gleichwertig mit atidekns als gleich unentbehrliche Stücke in dem Gesamtmechanismus des Kulturlebens dazu stellen und es ist nicht nur willkürlich, sondern auch einseitig, gerade ihnen in diesem Uher die Rolle des Zeigers zuzusprechen, der uns sagen könnte, welche Stunde es in der Volkesgeschichte geschlagen hat.",Metapher,"['in diesem Uher die Rolle des Zeigers', 'in der Volkesgeschichte']","['Gesamtmechanismus des Kulturlebens', 'welche Stunde es']",GoldStandard,"['Haecker_Stufe2_B_2.xmi', 'Haecker_Stufe2_P_2.xmi', 'Haecker_Stufe2_T_2.xmi']",,,,
553,"[3]: Was Wunder, daß die israelitische Weisheit8) darin eins der größten Geheimnisse erblickte und im weiblichen Uterus die geheime Werkstatt des irdischen Ursprungs sah!",Metapher,"['des irdischen Ursprungs', 'die geheime Werkstatt des irdischen Ursprungs']","['die geheime Werkstatt', 'im weiblichen Uterus']",GoldStandard,"['Michaelis_Stufe2_P.xmi', 'Michaelis_Stufe2_K.xmi', 'Michaelis_Stufe2_B.xmi']",,,,
558,"[8]: So band er das Geschlecht von heute an das vergangene Geschlecht von gestern, die Lebenden an die Toten, und statt wie andere Völker in die Morgenröte der Zukunft zu schauen und hoffnungsvoll hineinzuwandern in eine kommende bessere Zeit, steht das chinesische Volk und starrt in das Dunkel der Vergangenheit2).",Metapher,"['der Zukunft', 'der Vergangenheit2', 'starrt in das Dunkel']","['in die Morgenröte', 'starrt in das Dunkel', 'der Vergangenheit2']",GoldStandard,"['Michaelis_Stufe2_P.xmi', 'Michaelis_Stufe2_P.xmi', 'Michaelis_Stufe2_K.xmi', 'Michaelis_Stufe2_B.xmi']",,,,
560,"[10]: Der Satz: »Alles, was entsteht, ist wert daß es zu Grunde geht« konnte erst aus der geistigen Depression christlicher Weltanschauung hervorgehen, die mit dem Spinnennetz moralischer Vorurteile das ganze Weltall einzuhüllen beliebte.",Metapher,"['mit dem Spinnennetz', 'mit dem Spinnennetz moralischer Vorurteile', 'Spinnennetz', 'dem Spinnennetz']","['moralischer Vorurteile', 'das ganze Weltall einzuhüllen', 'moralischer Vorurteile', 'moralischer Vorurteile']",GoldStandard,"['Michaelis_Stufe2_P.xmi', 'Michaelis_Stufe2_K.xmi', 'Michaelis_Stufe2_K.xmi', 'Michaelis_Stufe2_B.xmi']",,,,
561,[11]: Der Chinese sticht in den vertrockneten Gebeinen vergangener Jahrhunderte nach den Prinzipien für die lebendige Gegenwart.,Metapher,"['vertrockneten Gebeinen', 'vertrockneten Gebeinen']","['vergangener Jahrhunderte', 'vergangener Jahrhunderte']",GoldStandard,"['Michaelis_Stufe2_P.xmi', 'Michaelis_Stufe2_K.xmi', 'Michaelis_Stufe2_B.xmi']",,,,
571,"[21]: Und je weiter überhaupt die Abkömmlinge einer Spezies in Lebensweise, Organisation und Konstitution auseinandergehen, um so besser werden sie geeignet sein, viele und sehr verschiedene Stellen im Haushalt der Natur einzunehmen und somit an Zahl zuzunehmen.",Metapher,"['der Natur', 'im Haushalt']","['im Haushalt', 'der Natur']",GoldStandard,"['Michaelis_Stufe2_P.xmi', 'Michaelis_Stufe2_K.xmi', 'Michaelis_Stufe2_B.xmi']",,,,
576,"[26]: Er gibt sich preis und vertraut sich dem Wellenspiele flüchtiger Gefühle ebenso an, wie er sich allen Zufällen ruhelosen Umherschweifens überliefert.",Metapher,"['Wellenspiele', 'dem Wellenspiele']","['flüchtiger Gefühle', 'flüchtiger Gefühle']",GoldStandard,"['Michaelis_Stufe2_P.xmi', 'Michaelis_Stufe2_K.xmi', 'Michaelis_Stufe2_B.xmi']",,,,
583,"Zugleich aber vermag der Stein auch dann noch eine beredte Sprache zu führen, wenn der Mensch, der ihn zur Teilnahme an seinem Leben und zum Zeugen seiner Arbeit berufen hatte, längst wieder zu Staub geworden ist.",Metapher,"['Stein', 'Staub', 'vermag', 'dann noch eine beredte Sprache zu führen']","['beredte Sprache zu führen', '', 'der Stein', 'der Stein']",GoldStandard,"['Methner_Stufe2_T_2.xmi', 'Methner_Stufe2_T_2.xmi', 'Methner_Stufe2_B_2.xmi', 'Methner_Stufe2_P_2.xmi', 'Methner_Stufe2_P_2.xmi']",,,,
595,"VI	Vor allem fällt hier der Entwicklungslehre die schöne Aufgabe zu, die Menschheit vom lastenden Joche des Aberglaubens zu befreien und durch das wahre Verständnis der natürlichen ""Lebenswunder"" einer höheren Vollkommenheit zuzuführen.",Metapher,"['des Aberglaubens', 'vom lastenden Joche des Aberglaubens']","['vom lastenden Joche', 'zu befreien']",GoldStandard,"['Haeckel_Lebenswunder_Stufe2_B.xmi', 'Haeckel_Lebenswunder_Stufe2_P.xmi', 'Haeckel_Lebenswunder_Stufe2_K.xmi']",,,,
596,"3	Es mag nützlich sein, wenn Tausende von gedankenlosen Handlangern der beschreibenden Naturwissenschaft jeden Versuch einer Erklärung vermeiden; aber die eigentlichen Baumeister der Wissenschaft können sich nicht mit dem Sammeln ihrer toten Bausteine benügen, sondern müssen durch deren denkende Zusammenfügung zur Erkenntnis der Ursachen vordringen.",Metapher,"['Baumeister', 'toten Bausteine', 'der Wissenschaft', 'die eigentlichen Baumeister', 'mit dem Sammeln ihrer toten Bausteine benügen']","['der Wissenschaft', '', 'die eigentlichen Baumeister', 'der Wissenschaft', 'die eigentlichen Baumeister der Wissenschaft']",GoldStandard,"['Haeckel_Lebenswunder_Stufe2_B.xmi', 'Haeckel_Lebenswunder_Stufe2_B.xmi', 'Haeckel_Lebenswunder_Stufe2_P.xmi', 'Haeckel_Lebenswunder_Stufe2_K.xmi', 'Haeckel_Lebenswunder_Stufe2_K.xmi']",,,,
602,26	Durch das Weltsystem von Kopernikus wurde die ganze Weltanschauung des Menschen unendlich erweitert; durch die Reformation wurde sie von dem schweren Joche des Papismus befreit.,Metapher,"['des Papismus', 'befreit', 'von dem schweren Joche des Papismus']","['von dem schweren Joche', '', 'die ganze Weltanschauung des Menschen']",GoldStandard,"['Haeckel_Lebenswunder_Stufe2_B.xmi', 'Haeckel_Lebenswunder_Stufe2_P.xmi', 'Haeckel_Lebenswunder_Stufe2_P.xmi', 'Haeckel_Lebenswunder_Stufe2_K.xmi']",,,,
605,27	Die erhabende Weltweisheit blieb die dienstbare Magd des Kirchenglaubens.,Metapher,"['die dienstbare Magd', 'blieb die dienstbare Magd des Kirchenglaubens', 'die dienstbare Magd']","['Die erhabende Weltweisheit', 'Die erhabende Weltweisheit', 'des Kirchenglaubens']",GoldStandard,"['Haeckel_Lebenswunder_Stufe2_B.xmi', 'Haeckel_Lebenswunder_Stufe2_P.xmi', 'Haeckel_Lebenswunder_Stufe2_K.xmi']",,,,
607,"28	Während das Licht der philosophischen Kritik in jeder Form zurückgewiesen wurde, wucherte üppig der Blumengarten der Glaubensdichtung und ließ das übernatürliche Wunder als selbstverständlich erscheinen.",Metapher,"['wucherte üppig der Blumengarten', 'der philosophischen Kritik', 'der Glaubensdichtung', 'wucherte üppig', 'der Blumengarten']","['der Glaubensdichtung', 'das Licht', 'der Blumengarten', 'der Blumengarten der Glaubensdichtung', 'der Glaubensdichtung']",GoldStandard,"['Haeckel_Lebenswunder_Stufe2_B.xmi', 'Haeckel_Lebenswunder_Stufe2_P.xmi', 'Haeckel_Lebenswunder_Stufe2_P.xmi', 'Haeckel_Lebenswunder_Stufe2_K.xmi', 'Haeckel_Lebenswunder_Stufe2_K.xmi']",,,,
610,30	Allerdings hat auch hier der vordringende Wahrheitssinn vieler unbefangener und ehrlicher Theologen die Schrauben und Fugen des alten ehrwürdigen Dogmengebäudes vielfach gelockert und dem eindringenden Lichte der modernen Naturerkenntnis die Pforten geöffnet.,Metapher,"['Schrauben und Fugen', 'der modernen Naturerkenntnis', 'die Pforten geöffnet', 'die Schrauben und Fugen', 'vielfach gelockert', 'die Pforten geöffnet']","['des alten ehrwürdigen Dogmengebäudes', 'dem eindringenden Lichte', 'dem eindringenden Lichte', 'des alten ehrwürdigen Dogmengebäudes', 'die Schrauben und Fugen des alten ehrwürdigen Dogmengebäudes', 'dem eindringenden Lichte der modernen Naturerkenntnis']",GoldStandard,"['Haeckel_Lebenswunder_Stufe2_B.xmi', 'Haeckel_Lebenswunder_Stufe2_P.xmi', 'Haeckel_Lebenswunder_Stufe2_P.xmi', 'Haeckel_Lebenswunder_Stufe2_P.xmi', 'Haeckel_Lebenswunder_Stufe2_K.xmi', 'Haeckel_Lebenswunder_Stufe2_K.xmi', 'Haeckel_Lebenswunder_Stufe2_K.xmi']",,,,
611,"30	Die große Mehrzahl der modernen Theologen hält noch immer an dem traditionellen Dogmengebäude der Kirche fest, dessen Säulen und Fenster überall mit Wundern verziert sind.",Metapher,"['Säulen und Fenster überall mit Wundern verziert sind', 'Säulen und Fenster', 'mit Wundern verziert sind', 'dessen Säulen und Fenster überall mit Wundern verziert sind']","['dem traditionellen Dogmengebäude der Kirche', 'dem traditionellen Dogmengebäude', 'dem traditionellen Dogmengebäude', 'traditionellen Dogmengebäude der Kirche']",GoldStandard,"['Haeckel_Lebenswunder_Stufe2_B.xmi', 'Haeckel_Lebenswunder_Stufe2_P.xmi', 'Haeckel_Lebenswunder_Stufe2_P.xmi', 'Haeckel_Lebenswunder_Stufe2_K.xmi']",,,,
613,"32	Das ungeheure Gebäude der Naturerkenntnis droht mehr und mehr zu einem babylonischen Turm zu werden, in dessen verwickelten Labyrinthgängen sich kaum jemand zurechtfindet und fast niemand mehr die Sprache vieler anderen Arbeiter versteht.",Metapher,"['einem babylonischen Turm zu werden, in dessen verwickelten Labyrinthgängen sich kaum jemand zurechtfindet', 'einem babylonischen Turm', 'zu einem babylonischen Turm']","['Das ungeheure Gebäude der Naturerkenntnis', 'in dessen verwickelten Labyrinthgängen', 'Das ungeheure Gebäude der Naturerkenntnis']",GoldStandard,"['Haeckel_Lebenswunder_Stufe2_B.xmi', 'Haeckel_Lebenswunder_Stufe2_P.xmi', 'Haeckel_Lebenswunder_Stufe2_K.xmi']",,,,
614,"33	Die wirklichen Verdienste der älteren Naturphilosophie wurden teils ignoriert, teils übersehen, weil ihr hoher Gedankenflug weit über den Horizont der damaligen empirischen Naturforschung sich erhob und teilweise in phantastischen und luftigen Spekulationen sich verirrte.",Metapher,"['Gedankenflug', 'ihr hoher Gedankenflug', 'Horizont', 'in phantastischen und luftigen Spekulationen sich verirrte']","['Verdienste der älteren Naturphilosophie', 'weit über den Horizont der damaligen empirischen Naturforschung', 'der damaligen empirischen Naturforschung', 'ihr hoher Gedankenflug']",GoldStandard,"['Haeckel_Lebenswunder_Stufe2_B.xmi', 'Haeckel_Lebenswunder_Stufe2_P.xmi', 'Haeckel_Lebenswunder_Stufe2_K.xmi', 'Haeckel_Lebenswunder_Stufe2_K.xmi', 'Haeckel_Lebenswunder_Stufe2_K.xmi']",,,,
616,"46	Tatsächlich ist also unser eigener menschlicher Körper, ebenso wie der höheren Tiere und Pflanzen, säglich ein anderer „Zellenstaat“: jeden Tag, ja jede Stunde, gehen Tausende von seinen Staatsbürgern, die Gewebzellen, zugrunde, um durch andere, aus ihresgleichen durch Teilung entstandene ersetzt zu werden. Indessen ist diese ununterbrochene „Wanderung“ unserer Person niemals vollständig und allgemein; immer bleibt ein solider Grunstock von konservativen Zellen übrig, deren Nachkommen die weitere Regeneration besorgen.",Metapher,"['Staatsbürgern', 'Staatsbürgern']","['die Gewebzellen', 'die Gewebzellen']",GoldStandard,"['Haeckel_Lebenswunder_Stufe2_B.xmi', 'Haeckel_Lebenswunder_Stufe2_P.xmi', 'Haeckel_Lebenswunder_Stufe2_K.xmi']",,,,
622,"137	Am einfachsten und am schnellsten wird der gordische Knoten dieser Frage gelöst, wenn man ihn mit dem Schwerte des ""frommen Glaubens"" durchschneidet und durch die Annahme einer übernatürlichen Schöpfung beantwortet.",Metapher,"['der gordische Knoten', 'dem Schwerte', 'durchschneidet', 'Schwerte']","['dieser Frage', 'des ""frommen Glaubens""', '', 'des ""frommen Glaubens""']",GoldStandard,"['Haeckel_Lebenswunder_Stufe2_B.xmi', 'Haeckel_Lebenswunder_Stufe2_B.xmi', 'Haeckel_Lebenswunder_Stufe2_B.xmi', 'Haeckel_Lebenswunder_Stufe2_P.xmi', 'Haeckel_Lebenswunder_Stufe2_K.xmi']",,,,
628,"188	Indem ich meine Leser einlade, mit mir das weite Gebiet der monistischen Philosophie nochmals zu betreten, muß ich als ihr bescheidener Führer an der engen Eingangspforte zu derselben die wissenschaftliche Berechtigung dazu nachweisen, gewissermaßen die Eintrittskarte zur Wahrheitsforschung vorzeigen.",Metapher,"['der engen Eingangspforte', 'Eintrittskarte', 'an der engen Eingangspforte']","['das weite Gebiet der monistischen Philosophie', 'zur Wahrheitsforschung', 'das weite Gebiet der monistischen Philosophie']",GoldStandard,"['Haeckel_Lebenswunder_Stufe2_B.xmi', 'Haeckel_Lebenswunder_Stufe2_B.xmi', 'Haeckel_Lebenswunder_Stufe2_P.xmi', 'Haeckel_Lebenswunder_Stufe2_K.xmi']",,,,
639,"Hat aber die Abstammungslehre recht, so muß sie irgend eine Erklärung dafür beibringen, woher es kommt, daß die lückenlosen Übergänge von einer Form zur andern, die doch existiert haben müssen für unsere Kenntnis großenteils fehlen; daß, wie auf der Klaviatur, die Zwischentöne fehlen und daß auch keine Violine da ist, um sie zum Ausdruck zu bringen Verschwinden der ausgestorbenen Typen schuld, die sich dort befunden haben müssen, wo jetzt für die Systematik die Brücken abgebrochen sind?",Metapher,"['keine Violine', 'keine Violine da ist']","['lückenlosen Übergänge', 'um sie zum Ausdruck zu bringen']",GoldStandard,"['Haecker_Stufe2_T.xmi', 'Haecker_Stufe2_P.xmi', 'Haecker_Stufe2_B.xmi']",,,,
640,"Lassen sich nach dem zuletztGesagten die Organismen nicht bloß mit Zichtungsprodukten, sondern auch mit Mechanismen vergleichen, so ergibt sich, daß die Zweckbetrachtung noch von einer andern Richtung her den Damm naturwissenschaftlicher Forschnngsgrundsätze durchbricht.",Metapher,"['Damm', 'durchbricht', 'Damm']","['naturwissenschaftlicher Forschnngsgrundsätze', '', 'naturwissenschaftlicher Forschnngsgrundsätze']",GoldStandard,"['Haecker_Stufe2_T.xmi', 'Haecker_Stufe2_T.xmi', 'Haecker_Stufe2_P.xmi', 'Haecker_Stufe2_B.xmi']",,,,
654,"Die Amerikaner folgern, da sie alle Rohmaterialien selbst produzieren, und da sie ferner eine äußerst intelligente Bevölkerung besitzen (welche nicht nur sehr energisch ist, sondern sich auch sehr rasch vergrößert), daß es für sie am bestem ist alles, was sie bedürfen selbst zu fabrizieren (um nicht die Engländer damit zu belästigen); um Kapitalisten zu bewegen, die nötigen Fabriken zu errichten, umgeben sie sich mit einer turmhohen Mauer von Schutzzöllen, und erreichen dadurch, was sie gewollt haben, und was für die Nation am zweckmäßigsten ist.",Metapher,"['einer turmhohen Mauer', 'turmhohen Mauer']","['Schutzzöllen', 'von Schutzzöllen']",GoldStandard,"['Schalk_Stufe2_B_5.xmi', 'Schalk_Stufe2_T_5.xmi', 'Schalk_Stufe2_P_5.xmi']",,,,
